<?xml version="1.0" encoding="utf-8"?>
<extension type="plugin" version="3.0" method="upgrade" group="system">
    <name>Plugin TmBox</name>
    <creationDate>Feb 29, 2016</creationDate>
    <author>olejenya</author>
    <authorEmail>olejenya@olejenya.com</authorEmail>
    <authorUrl>olejenya@olejenya.com</authorUrl>
    <copyright>Copyright (c) 2016</copyright>
    <license>http://www.gnu.org/licenses/gpl-2.0.html GPLv2 or later</license>
    <version>1.0</version>
    <description>TmBox Plugin</description>

    <scriptfile>script.php</scriptfile>
    <files>
        <filename plugin="tmbox">tmbox.php</filename>
        <filename>tmbox.xml</filename>
        <filename>index.html</filename>
        <filename>script.php</filename>
    </files>
    <languages folder="language">
        <language tag="en-GB">en-GB/en-GB.plg_system_tmbox.ini</language>
        <language tag="en-GB">en-GB/en-GB.plg_system_tmbox.sys.ini</language>
    </languages>
    <config>
        <fields name="params">
            <fieldset name="basic">
            </fieldset>
        </fields>
    </config>
</extension>