<?xml version="1.0" encoding="utf-8"?> 
<!DOCTYPE install SYSTEM "http://dev.joomla.org/xml/1.5/module-install.dtd">
<extension type="module" version="1.5.0"  method="upgrade">
    <name>VirtueMart Shopping Cart TM</name>
    <creationDate>February 2011</creationDate>
    <author>The VirtueMart Development TM</author>
    <authorUrl>http://www.virtuemart.net</authorUrl>
    <copyright>Copyright (C) 2004-2011 Virtuemart Team. All rights reserved.</copyright>
    <license>http://www.gnu.org/licenses/gpl-3.0.html GNU/GPL</license>
    <version>1.1</version>
    <description>Mod Virtuemart Cart TM</description>
    <files>
        <filename module="mod_virtuemart_cart_tm">mod_virtuemart_cart_tm.php</filename>
        <filename>index.html</filename>
        <filename>tmpl/default.php</filename>
		 <filename>assets/js/update_cart.js</filename>
        <filename>tmpl/index.html</filename>
    </files>
	 <languages folder="languages">
    	<language tag="en-GB">en-GB.mod_virtuemart_cart_tm.ini</language>
    </languages>
    <params>
        <param name="moduleclass_sfx" type="text" default=""
			label="Module Class Suffix"
			description="A suffix to be applied to the css class of the module (table.moduletable), this allows individual module styling" />
        <param name="show_price" type="list" default="1"
			label="MOD_VIRTUEMART_CART_SHOW_PRICE"
			description="MOD_VIRTUEMART_CART_SHOW_PRICE_DESC">
            <option value="1">Yes</option>
            <option value="0">No</option>
        </param>
        <br/>
        <param name="show_product_list" type="list" default="1"
			label="MOD_VIRTUEMART_CART_SHOW_LIST"
			description="MOD_VIRTUEMART_CART_SHOW_LIST_DESC">
            <option value="1">Yes</option>
            <option value="0">No</option>
        </param>
    </params>
    <config>
        <fields name="params">
            <fieldset name="basic">
                <field name="moduleclass_sfx" type="text" default=""
			label="Module Class Suffix"
			description="A suffix to be applied to the css class of the module (table.moduletable), this allows individual module styling" />
            </fieldset>
        </fields>
    </config>
</extension>
