<?xml version="1.0" encoding="utf-8"?>
<extension type="module" version="2.5.0" method="upgrade">
    <name>Virtuemart Product TM </name>
    <creationDate>21 12 2015</creationDate>
    <author>The VirtueMart Team TM</author>
    <authorUrl>http://www.virtuemart.net</authorUrl>
    <copyright>Copyright (C) 2004-2015 Virtuemart Team. All rights reserved.</copyright>
    <license>http://www.gnu.org/licenses/gpl-2.0.html GNU/GPL</license>
    <version>3.0.9.6</version>
    <description>MOD_VIRTUEMART_PRODUCT_DESC</description>
    <files>
	<filename module="mod_virtuemart_product_tm">mod_virtuemart_product_tm.php</filename>
	<filename>helper.php</filename>
	<filename>tmpl/default.php</filename>
	<filename>tmpl/single.php</filename>
	<filename>tmpl/sidebar.php</filename>
	<folder>language</folder>
    </files>

    <config>
	<fields name="params" addfieldpath="/administrator/components/com_virtuemart/fields">
	    <fieldset name="basic">
        <field  name="layout" type="modulelayout"
                label="MOD_VIRTUEMART_PRODUCT_LAYOUT" required="true"
                extension="com_virtuemart"
                view = "mod_virtuemart_product"
                description="MOD_VIRTUEMART_PRODUCT_LAYOUT_DESC" />
		<field name="product_group" type="list" default="featured"
			label="MOD_VIRTUEMART_PRODUCT_DISPLAY"
			description="MOD_VIRTUEMART_PRODUCT_DISPLAY_DESC">
		    <option value="featured">MOD_VIRTUEMART_PRODUCT_FEATURED_PRODUCTS</option>
		    <option value="latest">MOD_VIRTUEMART_PRODUCT_LATEST_PRODUCTS</option>
		    <option value="random">MOD_VIRTUEMART_PRODUCT_RANDOM_PRODUCTS</option>
		    <option value="topten">MOD_VIRTUEMART_PRODUCT_BEST_SALES</option>
             <option value="recent">MOD_VIRTUEMART_PRODUCT_RECENT_PRODUCTS</option>
		</field>
		<field name="max_items" type="text" default="2"
			label="MOD_VIRTUEMART_PRODUCT_MAX_ITEMS"
			description="MOD_VIRTUEMART_PRODUCT_MAX_ITEMS_DESC" />
		<field name="products_per_row" type="text" default="1"
			label="MOD_VIRTUEMART_PRODUCT_PRODUCTS_PER_ROW"
			description="MOD_VIRTUEMART_PRODUCT_PRODUCTS_PER_ROW_DESC" />
		<field name="display_style" type="list" default="list"
			label="MOD_VIRTUEMART_PRODUCT_DISPLAY_STYLE"
			description="MOD_VIRTUEMART_PRODUCT_DISPLAY_STYLE_DESC">
		    <option value="divslider">Div Based slider</option>
		    <option value="div">MOD_VIRTUEMART_PRODUCT_DISPLAY_DIV</option>
		</field>
		<field name="spacer" type="spacer" default="" label="------- Option Owl Carousel -------" description="" />

		<field name="loop" type="list" default="true" label="loop" description="Inifnity loop. Duplicate last and first items to get loop illusion.">
		    <option value="true">JYES</option>
		    <option value="false">JNO</option>
		</field>
		<field name="autoplay" type="list" default="true" label="autoplay" description="Autoplay.">
		    <option value="true">JYES</option>
		    <option value="false">JNO</option>
		</field>
		<field name="autoplayTimeout" type="text" default="12000" label="autoplayTimeout" description="Autoplay interval timeout in milisecond."/>
		<field name="nav" type="list" default="true" label="nav" description="Show next/prev buttons.">
		    <option value="true">JYES</option>
		    <option value="false">JNO</option>
		</field>
		<field name="responsDesktop" type="text" default="4" label="Count items respons Desktop after 1200" description="Object containing responsive options. Can be set to false to remove responsive capabilities."/>
		<field name="responsTablet" type="text" default="3" label="Count items respons Tablet before 1200" description="Object containing responsive options. Can be set to false to remove responsive capabilities."/>
		<field name="responsPhone" type="text" default="2" label="Count items respons Phone before 768" description="Object containing responsive options. Can be set to false to remove responsive capabilities."/>
		<field name="responsPhone2" type="text" default="1" label="Count items respons Phone before 480" description="Object containing responsive options. Can be set to false to remove responsive capabilities."/>

		

		<field name="spacerend" type="spacer" default="" label="------- End Option Owl Carousel -------" description="" />
		
		<field name="@spacer" type="spacer" default="" label="" description="" />
		<field name="headerText" type="text" default=""
			label="MOD_VIRTUEMART_PRODUCT_HEADER_TEXT"
			description="MOD_VIRTUEMART_PRODUCT_HEADER_TEXT_DESC" />
		<field name="footerText" type="text" default=""
			label="MOD_VIRTUEMART_PRODUCT_FOOTER_TEXT"
			description="MOD_VIRTUEMART_PRODUCT_FOOTER_TEXT_DESC" />
		<field name="filter_category" type="list" default="0"
			label="MOD_VIRTUEMART_PRODUCT_FILTER_CATEGORY"
			description="MOD_VIRTUEMART_PRODUCT_FILTER_CATEGORY_DESC">
            <option value="0">JNO</option>
            <option value="1">JYES</option>
		</field>
		<field name="virtuemart_category_id" type="vmcategories"  value_field="category_name" label="MOD_VIRTUEMART_PRODUCT_CATEGORY_ID" description="MOD_VIRTUEMART_PRODUCT_CATEGORY_ID_DESC" />
            <field name="vmcache" type="list"
                   default="1"
                   label="MOD_VIRTUEMART_PRODUCT_CACHING_LABEL"
                   description="MOD_VIRTUEMART_PRODUCT_CACHING_DESC"
                    >
                <option value="0">JNO</option>
                <option value="1">JYES</option>
            </field>
            <field name="vmcachetime" type="text"
                   default="300"
                   label="MOD_VIRTUEMART_PRODUCT_CACHING_TIME_LABEL"
                   description="MOD_VIRTUEMART_PRODUCT_CACHING_TIME_DESC"
                    />
	    </fieldset>
	    <fieldset name="advanced">
		<field name="cache" type="list"
					default="1"
					label="COM_MODULES_FIELD_CACHING_LABEL"
					description="COM_MODULES_FIELD_CACHING_DESC"
				>
            <option value="0">JNO</option>
            <option value="1">JYES</option>
		</field>
		<field name="moduleclass_sfx" type="text" default=""
			label="COM_MODULES_FIELD_MODULECLASS_SFX_LABEL"
				description="COM_MODULES_FIELD_MODULECLASS_SFX_DESC" />
		<field name="class_sfx" type="text" default=""
			label="Menu Class Suffix"
			description="A suffix to be applied to the css class of the menu items" />
	    </fieldset>
	</fields>
    </config>
</extension>
